{
    "_allocate_inputs": 4,
    "_allocate_outputs": 4,
    "cli_parameters": "generate --name network -m C:/Users/wxyip/Downloads/MNIST_keras_CNN.h5 --type keras --compression medium --verbosity 1 --workspace C:\\Users\\wxyip\\AppData\\Local\\Temp\\mxAI_workspace783343948918003375622612541229583 --output C:\\Users\\wxyip\\.stm32cubemx\\network_output --allocate-inputs --series stm32f4 --allocate-outputs",
    "cli_version": {
        "major": 1,
        "micro": 0,
        "minor": 7
    },
    "cli_version_str": "1.7.0",
    "code_size": 0,
    "compression": {
        "factor": 3.280396874316505,
        "layers": {
            "fc1_dense_weights": 8.0
        }
    },
    "date_time": "Wed Jan 24 18:03:10 2024",
    "error": 0,
    "error_str": [],
    "exec_cmd": "generate",
    "exec_duration": 0.0,
    "hash": "7f0e4dd111fa0703da427000340d94d3",
    "inputs": [
        "input_1"
    ],
    "layers": [
        {
            "c_id": [],
            "extras": {
                "n_macc": 0,
                "n_params": 0,
                "psize": 0,
                "rom_output": {
                    "c_size": 3136,
                    "fmt": {
                        "format": "float"
                    },
                    "shape": [
                        28,
                        28,
                        1,
                        1
                    ]
                },
                "rom_size": 0
            },
            "id": 0,
            "inputs": [],
            "name": "input_1",
            "original": "InputLayer",
            "type": "Input"
        },
        {
            "c_id": [],
            "extras": {
                "n_macc": 194720,
                "n_params": 320,
                "psize": 1280,
                "rom_output": {
                    "c_size": 86528,
                    "fmt": {
                        "format": "float"
                    },
                    "shape": [
                        26,
                        26,
                        32,
                        1
                    ]
                },
                "rom_size": 0
            },
            "id": 1,
            "inputs": [
                "input_1"
            ],
            "name": "conv0_conv2d",
            "original": "Conv2D",
            "type": "Conv2D"
        },
        {
            "c_id": [
                0
            ],
            "extras": {
                "n_macc": 43264,
                "n_params": 64,
                "psize": 256,
                "rom_size": 1280
            },
            "id": 2,
            "inputs": [
                "conv0_conv2d"
            ],
            "name": "bn0",
            "original": "BatchNormalization",
            "type": "ScaleBias"
        },
        {
            "c_id": [
                1
            ],
            "extras": {
                "n_macc": 21632,
                "n_params": 0,
                "psize": 0,
                "rom_output": {
                    "c_size": 86528,
                    "fmt": {
                        "format": "float"
                    },
                    "shape": [
                        26,
                        26,
                        32,
                        1
                    ]
                },
                "rom_size": 0
            },
            "id": 3,
            "inputs": [
                "bn0"
            ],
            "name": "activation_1",
            "original": "Activation",
            "type": "Nonlinearity"
        },
        {
            "c_id": [],
            "extras": {
                "n_macc": 5308448,
                "n_params": 9248,
                "psize": 36992,
                "rom_output": {
                    "c_size": 73728,
                    "fmt": {
                        "format": "float"
                    },
                    "shape": [
                        24,
                        24,
                        32,
                        1
                    ]
                },
                "rom_size": 0
            },
            "id": 4,
            "inputs": [
                "activation_1"
            ],
            "name": "conv1_conv2d",
            "original": "Conv2D",
            "type": "Conv2D"
        },
        {
            "c_id": [
                2
            ],
            "extras": {
                "n_macc": 36864,
                "n_params": 64,
                "psize": 256,
                "rom_size": 36992
            },
            "id": 5,
            "inputs": [
                "conv1_conv2d"
            ],
            "name": "bn1",
            "original": "BatchNormalization",
            "type": "ScaleBias"
        },
        {
            "c_id": [
                3
            ],
            "extras": {
                "n_macc": 18432,
                "n_params": 0,
                "psize": 0,
                "rom_output": {
                    "c_size": 73728,
                    "fmt": {
                        "format": "float"
                    },
                    "shape": [
                        24,
                        24,
                        32,
                        1
                    ]
                },
                "rom_size": 0
            },
            "id": 6,
            "inputs": [
                "bn1"
            ],
            "name": "activation_2",
            "original": "Activation",
            "type": "Nonlinearity"
        },
        {
            "c_id": [
                4
            ],
            "extras": {
                "n_macc": 18432,
                "n_params": 0,
                "psize": 0,
                "rom_output": {
                    "c_size": 18432,
                    "fmt": {
                        "format": "float"
                    },
                    "shape": [
                        12,
                        12,
                        32,
                        1
                    ]
                },
                "rom_size": 0
            },
            "id": 7,
            "inputs": [
                "activation_2"
            ],
            "name": "MP1",
            "original": "MaxPooling2D",
            "type": "Pool"
        },
        {
            "c_id": [],
            "extras": {
                "n_macc": 1843264,
                "n_params": 18496,
                "psize": 73984,
                "rom_output": {
                    "c_size": 25600,
                    "fmt": {
                        "format": "float"
                    },
                    "shape": [
                        10,
                        10,
                        64,
                        1
                    ]
                },
                "rom_size": 0
            },
            "id": 8,
            "inputs": [
                "MP1"
            ],
            "name": "conv2_conv2d",
            "original": "Conv2D",
            "type": "Conv2D"
        },
        {
            "c_id": [
                5
            ],
            "extras": {
                "n_macc": 12800,
                "n_params": 128,
                "psize": 512,
                "rom_size": 73984
            },
            "id": 9,
            "inputs": [
                "conv2_conv2d"
            ],
            "name": "bn2",
            "original": "BatchNormalization",
            "type": "ScaleBias"
        },
        {
            "c_id": [
                6
            ],
            "extras": {
                "n_macc": 6400,
                "n_params": 0,
                "psize": 0,
                "rom_output": {
                    "c_size": 25600,
                    "fmt": {
                        "format": "float"
                    },
                    "shape": [
                        10,
                        10,
                        64,
                        1
                    ]
                },
                "rom_size": 0
            },
            "id": 10,
            "inputs": [
                "bn2"
            ],
            "name": "activation_3",
            "original": "Activation",
            "type": "Nonlinearity"
        },
        {
            "c_id": [],
            "extras": {
                "n_macc": 2359360,
                "n_params": 36928,
                "psize": 147712,
                "rom_output": {
                    "c_size": 16384,
                    "fmt": {
                        "format": "float"
                    },
                    "shape": [
                        8,
                        8,
                        64,
                        1
                    ]
                },
                "rom_size": 0
            },
            "id": 11,
            "inputs": [
                "activation_3"
            ],
            "name": "conv3_conv2d",
            "original": "Conv2D",
            "type": "Conv2D"
        },
        {
            "c_id": [
                7
            ],
            "extras": {
                "n_macc": 8192,
                "n_params": 128,
                "psize": 512,
                "rom_size": 147712
            },
            "id": 12,
            "inputs": [
                "conv3_conv2d"
            ],
            "name": "bn3",
            "original": "BatchNormalization",
            "type": "ScaleBias"
        },
        {
            "c_id": [
                8
            ],
            "extras": {
                "n_macc": 4096,
                "n_params": 0,
                "psize": 0,
                "rom_output": {
                    "c_size": 16384,
                    "fmt": {
                        "format": "float"
                    },
                    "shape": [
                        8,
                        8,
                        64,
                        1
                    ]
                },
                "rom_size": 0
            },
            "id": 13,
            "inputs": [
                "bn3"
            ],
            "name": "activation_4",
            "original": "Activation",
            "type": "Nonlinearity"
        },
        {
            "c_id": [
                9
            ],
            "extras": {
                "n_macc": 4096,
                "n_params": 0,
                "psize": 0,
                "rom_output": {
                    "c_size": 4096,
                    "fmt": {
                        "format": "float"
                    },
                    "shape": [
                        4,
                        4,
                        64,
                        1
                    ]
                },
                "rom_size": 0
            },
            "id": 14,
            "inputs": [
                "activation_4"
            ],
            "name": "MP2",
            "original": "MaxPooling2D",
            "type": "Pool"
        },
        {
            "c_id": [],
            "extras": {
                "n_macc": 0,
                "n_params": 0,
                "psize": 0,
                "rom_size": 0
            },
            "id": 16,
            "inputs": [
                "MP2"
            ],
            "name": "flatten_1",
            "original": "Flatten",
            "type": "Reshape"
        },
        {
            "c_id": [
                10,
                11
            ],
            "extras": {
                "n_macc": 262400,
                "n_params": 262400,
                "psize": 1049600,
                "rom_output": {
                    "c_size": 1024,
                    "fmt": {
                        "format": "float"
                    },
                    "shape": [
                        256,
                        1
                    ]
                },
                "rom_size": 132160
            },
            "id": 17,
            "inputs": [
                "flatten_1"
            ],
            "name": "fc1_dense",
            "original": "Dense",
            "type": "Dense"
        },
        {
            "c_id": [],
            "extras": {
                "n_macc": 256,
                "n_params": 0,
                "psize": 0,
                "rom_output": {
                    "c_size": 1024,
                    "fmt": {
                        "format": "float"
                    },
                    "shape": [
                        256,
                        1
                    ]
                },
                "rom_size": 0
            },
            "id": 17,
            "inputs": [
                "fc1_dense"
            ],
            "name": "fc1",
            "original": "Dense",
            "type": "Nonlinearity"
        },
        {
            "c_id": [
                12,
                13
            ],
            "extras": {
                "n_macc": 2570,
                "n_params": 2570,
                "psize": 10280,
                "rom_output": {
                    "c_size": 40,
                    "fmt": {
                        "format": "float"
                    },
                    "shape": [
                        10,
                        1
                    ]
                },
                "rom_size": 10280
            },
            "id": 19,
            "inputs": [
                "fc1"
            ],
            "name": "fco_dense",
            "original": "Dense",
            "type": "Dense"
        },
        {
            "c_id": [],
            "extras": {
                "n_macc": 150,
                "n_params": 0,
                "psize": 0,
                "rom_output": {
                    "c_size": 40,
                    "fmt": {
                        "format": "float"
                    },
                    "shape": [
                        10,
                        1
                    ]
                },
                "rom_size": 0
            },
            "id": 19,
            "inputs": [
                "fco_dense"
            ],
            "name": "fco",
            "original": "Dense",
            "type": "Nonlinearity"
        }
    ],
    "model_files": [
        "C:\\Users\\wxyip\\Downloads\\MNIST_keras_CNN.h5"
    ],
    "model_n_params": 330346,
    "model_name": "MNIST_keras_CNN",
    "model_size": 1321384,
    "model_type": "keras",
    "name": "network",
    "outputs": [
        "fco"
    ],
    "ram_io_size": [
        3136,
        40
    ],
    "ram_size": [
        89664,
        89664
    ],
    "report_version": 1.1,
    "rom_cfact": 1.0,
    "rom_heap_inspector": 2048,
    "rom_inputs": [
        {
            "c_size": 3136,
            "c_type": "float",
            "name": "input_1"
        }
    ],
    "rom_n_macc": 10044256,
    "rom_outputs": [
        {
            "c_size": 40,
            "c_type": "float",
            "name": "fco"
        }
    ],
    "rom_size": 402408,
    "strategy": "heap_overlay",
    "tools_api_version": {
        "major": 1,
        "micro": 0,
        "minor": 7
    },
    "tools_version": {
        "extra": "19520",
        "major": 8,
        "micro": 0,
        "minor": 1
    },
    "val_error": -1.0,
    "val_error_desc": "None (None) #-1",
    "val_metrics": []
}