{
    "outputs": ["fco_output"],
    "c_layers": [
        {
            "next": "activation_1",
            "rom": 1280,
            "op_by_type": {"smul_f32_f32": 194720},
            "c_forward": "forward_conv2d_if32of32wf32",
            "c_code_emit": true,
            "macc": 194720,
            "name": "conv0_conv2d",
            "c_id": 0,
            "tensors": {
                "outputs": ["conv0_conv2d_output"],
                "inputs": ["input_1_output"],
                "scratchs": [],
                "weights": [
                    "conv0_conv2d_weights",
                    "conv0_conv2d_bias"
                ]
            },
            "weight_sparsity": [
                0,
                320,
                0
            ],
            "layer_type": "conv2d",
            "m_id": 2
        },
        {
            "next": "conv1_conv2d",
            "rom": 0,
            "op_by_type": {"op_f32_f32": 21632},
            "c_forward": "forward_relu",
            "c_code_emit": true,
            "macc": 21632,
            "name": "activation_1",
            "c_id": 1,
            "tensors": {
                "outputs": ["activation_1_output"],
                "inputs": ["conv0_conv2d_output"],
                "scratchs": [],
                "weights": []
            },
            "weight_sparsity": [
                0,
                1,
                0
            ],
            "layer_type": "nl",
            "m_id": 3
        },
        {
            "next": "activation_2",
            "rom": 36992,
            "op_by_type": {"smul_f32_f32": 5308448},
            "c_forward": "forward_conv2d_if32of32wf32",
            "c_code_emit": true,
            "macc": 5308448,
            "name": "conv1_conv2d",
            "c_id": 2,
            "tensors": {
                "outputs": ["conv1_conv2d_output"],
                "inputs": ["activation_1_output"],
                "scratchs": [],
                "weights": [
                    "conv1_conv2d_weights",
                    "conv1_conv2d_bias"
                ]
            },
            "weight_sparsity": [
                0,
                9248,
                0
            ],
            "layer_type": "conv2d",
            "m_id": 5
        },
        {
            "next": "MP1",
            "rom": 0,
            "op_by_type": {"op_f32_f32": 18432},
            "c_forward": "forward_relu",
            "c_code_emit": true,
            "macc": 18432,
            "name": "activation_2",
            "c_id": 3,
            "tensors": {
                "outputs": ["activation_2_output"],
                "inputs": ["conv1_conv2d_output"],
                "scratchs": [],
                "weights": []
            },
            "weight_sparsity": [
                0,
                1,
                0
            ],
            "layer_type": "nl",
            "m_id": 6
        },
        {
            "next": "conv2_conv2d",
            "rom": 0,
            "op_by_type": {"op_f32_f32": 18432},
            "c_forward": "forward_mp",
            "c_code_emit": true,
            "macc": 18432,
            "name": "MP1",
            "c_id": 4,
            "tensors": {
                "outputs": ["MP1_output"],
                "inputs": ["activation_2_output"],
                "scratchs": [],
                "weights": []
            },
            "weight_sparsity": [
                0,
                1,
                0
            ],
            "layer_type": "pool",
            "m_id": 7
        },
        {
            "next": "activation_3",
            "rom": 73984,
            "op_by_type": {"smul_f32_f32": 1843264},
            "c_forward": "forward_conv2d_if32of32wf32",
            "c_code_emit": true,
            "macc": 1843264,
            "name": "conv2_conv2d",
            "c_id": 5,
            "tensors": {
                "outputs": ["conv2_conv2d_output"],
                "inputs": ["MP1_output"],
                "scratchs": [],
                "weights": [
                    "conv2_conv2d_weights",
                    "conv2_conv2d_bias"
                ]
            },
            "weight_sparsity": [
                0,
                18496,
                0
            ],
            "layer_type": "conv2d",
            "m_id": 9
        },
        {
            "next": "conv3_conv2d",
            "rom": 0,
            "op_by_type": {"op_f32_f32": 6400},
            "c_forward": "forward_relu",
            "c_code_emit": true,
            "macc": 6400,
            "name": "activation_3",
            "c_id": 6,
            "tensors": {
                "outputs": ["activation_3_output"],
                "inputs": ["conv2_conv2d_output"],
                "scratchs": [],
                "weights": []
            },
            "weight_sparsity": [
                0,
                1,
                0
            ],
            "layer_type": "nl",
            "m_id": 10
        },
        {
            "next": "activation_4",
            "rom": 147712,
            "op_by_type": {"smul_f32_f32": 2359360},
            "c_forward": "forward_conv2d_if32of32wf32",
            "c_code_emit": true,
            "macc": 2359360,
            "name": "conv3_conv2d",
            "c_id": 7,
            "tensors": {
                "outputs": ["conv3_conv2d_output"],
                "inputs": ["activation_3_output"],
                "scratchs": [],
                "weights": [
                    "conv3_conv2d_weights",
                    "conv3_conv2d_bias"
                ]
            },
            "weight_sparsity": [
                0,
                36928,
                0
            ],
            "layer_type": "conv2d",
            "m_id": 12
        },
        {
            "next": "MP2",
            "rom": 0,
            "op_by_type": {"op_f32_f32": 4096},
            "c_forward": "forward_relu",
            "c_code_emit": true,
            "macc": 4096,
            "name": "activation_4",
            "c_id": 8,
            "tensors": {
                "outputs": ["activation_4_output"],
                "inputs": ["conv3_conv2d_output"],
                "scratchs": [],
                "weights": []
            },
            "weight_sparsity": [
                0,
                1,
                0
            ],
            "layer_type": "nl",
            "m_id": 13
        },
        {
            "next": "fc1_dense",
            "rom": 0,
            "op_by_type": {"op_f32_f32": 4096},
            "c_forward": "forward_mp",
            "c_code_emit": true,
            "macc": 4096,
            "name": "MP2",
            "c_id": 9,
            "tensors": {
                "outputs": ["MP2_output"],
                "inputs": ["activation_4_output"],
                "scratchs": [],
                "weights": []
            },
            "weight_sparsity": [
                0,
                1,
                0
            ],
            "layer_type": "pool",
            "m_id": 14
        },
        {
            "next": "fc1",
            "rom": 132160,
            "op_by_type": {"smul_f32_f32c4": 262400},
            "c_forward": "forward_dense",
            "c_code_emit": true,
            "macc": 262400,
            "name": "fc1_dense",
            "c_id": 10,
            "tensors": {
                "outputs": ["fc1_dense_output"],
                "inputs": ["MP2_output0"],
                "scratchs": [],
                "weights": [
                    "fc1_dense_weights",
                    "fc1_dense_bias"
                ]
            },
            "weight_sparsity": [
                2.705792682926589E-4,
                262400,
                71
            ],
            "layer_type": "dense",
            "m_id": 17
        },
        {
            "next": "fco_dense",
            "rom": 0,
            "op_by_type": {"op_f32_f32": 256},
            "c_forward": "forward_relu",
            "c_code_emit": true,
            "macc": 256,
            "name": "fc1",
            "c_id": 11,
            "tensors": {
                "outputs": ["fc1_output"],
                "inputs": ["fc1_dense_output"],
                "scratchs": [],
                "weights": []
            },
            "weight_sparsity": [
                0,
                1,
                0
            ],
            "layer_type": "nl",
            "m_id": 17
        },
        {
            "next": "fco",
            "rom": 10280,
            "op_by_type": {"smul_f32_f32": 2570},
            "c_forward": "forward_dense",
            "c_code_emit": true,
            "macc": 2570,
            "name": "fco_dense",
            "c_id": 12,
            "tensors": {
                "outputs": ["fco_dense_output"],
                "inputs": ["fc1_output"],
                "scratchs": [],
                "weights": [
                    "fco_dense_weights",
                    "fco_dense_bias"
                ]
            },
            "weight_sparsity": [
                0,
                2570,
                0
            ],
            "layer_type": "dense",
            "m_id": 19
        },
        {
            "next": "fco",
            "rom": 0,
            "op_by_type": {"op_f32_f32": 150},
            "c_forward": "forward_sm",
            "c_code_emit": true,
            "macc": 150,
            "name": "fco",
            "c_id": 13,
            "tensors": {
                "outputs": ["fco_output"],
                "inputs": ["fco_dense_output"],
                "scratchs": [],
                "weights": []
            },
            "weight_sparsity": [
                0,
                1,
                0
            ],
            "layer_type": "nl",
            "m_id": 19
        }
    ],
    "data_alignment": 4,
    "compilation_options": {
        "optimization": "balanced",
        "options": [
            "allocate-inputs",
            "allocate-outputs"
        ],
        "compression": "medium"
    },
    "inputs": ["input_1_output"],
    "macc": 10044256,
    "c_weights_header": 0,
    "activations_alignment": 4,
    "c_nodes_n": 14,
    "c_tensors_n": 28,
    "type": "keras",
    "c_arrays": [
        {
            "mem_pool": "activations",
            "offset": 3136,
            "is_const": false,
            "format": "float32",
            "n_items": 21632,
            "tensors": [{
                "shape": [
                    1,
                    26,
                    26,
                    32
                ],
                "name": "conv0_conv2d_output"
            }],
            "raw_fmt": "(FLOAT, 32 bit, C Size: 32 bits)",
            "c_mem_pool": "**default**",
            "padded": true,
            "size": 21632,
            "c_type": "float",
            "name": "conv0_conv2d_output_array",
            "c_id": 0,
            "c_bits": 32,
            "c_size_in_byte": 86528
        },
        {
            "mem_pool": "activations",
            "offset": 3136,
            "is_const": false,
            "format": "float32",
            "n_items": 21632,
            "tensors": [{
                "shape": [
                    1,
                    26,
                    26,
                    32
                ],
                "name": "activation_1_output"
            }],
            "raw_fmt": "(FLOAT, 32 bit, C Size: 32 bits)",
            "c_mem_pool": "**default**",
            "padded": true,
            "size": 21632,
            "c_type": "float",
            "name": "activation_1_output_array",
            "c_id": 1,
            "c_bits": 32,
            "c_size_in_byte": 86528
        },
        {
            "mem_pool": "activations",
            "offset": 64,
            "is_const": false,
            "format": "float32",
            "n_items": 18432,
            "tensors": [{
                "shape": [
                    1,
                    24,
                    24,
                    32
                ],
                "name": "conv1_conv2d_output"
            }],
            "raw_fmt": "(FLOAT, 32 bit, C Size: 32 bits)",
            "c_mem_pool": "**default**",
            "padded": true,
            "size": 18432,
            "c_type": "float",
            "name": "conv1_conv2d_output_array",
            "c_id": 2,
            "c_bits": 32,
            "c_size_in_byte": 73728
        },
        {
            "mem_pool": "activations",
            "offset": 64,
            "is_const": false,
            "format": "float32",
            "n_items": 18432,
            "tensors": [{
                "shape": [
                    1,
                    24,
                    24,
                    32
                ],
                "name": "activation_2_output"
            }],
            "raw_fmt": "(FLOAT, 32 bit, C Size: 32 bits)",
            "c_mem_pool": "**default**",
            "padded": true,
            "size": 18432,
            "c_type": "float",
            "name": "activation_2_output_array",
            "c_id": 3,
            "c_bits": 32,
            "c_size_in_byte": 73728
        },
        {
            "mem_pool": "activations",
            "offset": 64,
            "is_const": false,
            "format": "float32",
            "n_items": 4608,
            "tensors": [{
                "shape": [
                    1,
                    12,
                    12,
                    32
                ],
                "name": "MP1_output"
            }],
            "raw_fmt": "(FLOAT, 32 bit, C Size: 32 bits)",
            "c_mem_pool": "**default**",
            "padded": true,
            "size": 4608,
            "c_type": "float",
            "name": "MP1_output_array",
            "c_id": 4,
            "c_bits": 32,
            "c_size_in_byte": 18432
        },
        {
            "mem_pool": "activations",
            "offset": 18496,
            "is_const": false,
            "format": "float32",
            "n_items": 6400,
            "tensors": [{
                "shape": [
                    1,
                    10,
                    10,
                    64
                ],
                "name": "conv2_conv2d_output"
            }],
            "raw_fmt": "(FLOAT, 32 bit, C Size: 32 bits)",
            "c_mem_pool": "**default**",
            "padded": true,
            "size": 6400,
            "c_type": "float",
            "name": "conv2_conv2d_output_array",
            "c_id": 5,
            "c_bits": 32,
            "c_size_in_byte": 25600
        },
        {
            "mem_pool": "activations",
            "offset": 44096,
            "is_const": false,
            "format": "float32",
            "n_items": 6400,
            "tensors": [{
                "shape": [
                    1,
                    10,
                    10,
                    64
                ],
                "name": "activation_3_output"
            }],
            "raw_fmt": "(FLOAT, 32 bit, C Size: 32 bits)",
            "c_mem_pool": "**default**",
            "padded": true,
            "size": 6400,
            "c_type": "float",
            "name": "activation_3_output_array",
            "c_id": 6,
            "c_bits": 32,
            "c_size_in_byte": 25600
        },
        {
            "mem_pool": "activations",
            "offset": 0,
            "is_const": false,
            "format": "float32",
            "n_items": 4096,
            "tensors": [{
                "shape": [
                    1,
                    8,
                    8,
                    64
                ],
                "name": "conv3_conv2d_output"
            }],
            "raw_fmt": "(FLOAT, 32 bit, C Size: 32 bits)",
            "c_mem_pool": "**default**",
            "padded": true,
            "size": 4096,
            "c_type": "float",
            "name": "conv3_conv2d_output_array",
            "c_id": 7,
            "c_bits": 32,
            "c_size_in_byte": 16384
        },
        {
            "mem_pool": "activations",
            "offset": 16384,
            "is_const": false,
            "format": "float32",
            "n_items": 4096,
            "tensors": [{
                "shape": [
                    1,
                    8,
                    8,
                    64
                ],
                "name": "activation_4_output"
            }],
            "raw_fmt": "(FLOAT, 32 bit, C Size: 32 bits)",
            "c_mem_pool": "**default**",
            "padded": true,
            "size": 4096,
            "c_type": "float",
            "name": "activation_4_output_array",
            "c_id": 8,
            "c_bits": 32,
            "c_size_in_byte": 16384
        },
        {
            "mem_pool": "activations",
            "offset": 0,
            "is_const": false,
            "format": "float32",
            "n_items": 1024,
            "tensors": [
                {
                    "shape": [
                        1,
                        4,
                        4,
                        64
                    ],
                    "name": "MP2_output"
                },
                {
                    "shape": [
                        1,
                        1024
                    ],
                    "name": "MP2_output0"
                }
            ],
            "raw_fmt": "(FLOAT, 32 bit, C Size: 32 bits)",
            "c_mem_pool": "**default**",
            "padded": true,
            "size": 1024,
            "c_type": "float",
            "name": "MP2_output_array",
            "c_id": 9,
            "c_bits": 32,
            "c_size_in_byte": 4096
        },
        {
            "mem_pool": "activations",
            "offset": 4096,
            "is_const": false,
            "format": "float32",
            "n_items": 256,
            "tensors": [{
                "shape": [
                    1,
                    256
                ],
                "name": "fc1_dense_output"
            }],
            "raw_fmt": "(FLOAT, 32 bit, C Size: 32 bits)",
            "c_mem_pool": "**default**",
            "padded": true,
            "size": 256,
            "c_type": "float",
            "name": "fc1_dense_output_array",
            "c_id": 10,
            "c_bits": 32,
            "c_size_in_byte": 1024
        },
        {
            "mem_pool": "activations",
            "offset": 0,
            "is_const": false,
            "format": "float32",
            "n_items": 256,
            "tensors": [{
                "shape": [
                    1,
                    256
                ],
                "name": "fc1_output"
            }],
            "raw_fmt": "(FLOAT, 32 bit, C Size: 32 bits)",
            "c_mem_pool": "**default**",
            "padded": true,
            "size": 256,
            "c_type": "float",
            "name": "fc1_output_array",
            "c_id": 11,
            "c_bits": 32,
            "c_size_in_byte": 1024
        },
        {
            "mem_pool": "activations",
            "offset": 1024,
            "is_const": false,
            "format": "float32",
            "n_items": 10,
            "tensors": [{
                "shape": [
                    1,
                    10
                ],
                "name": "fco_dense_output"
            }],
            "raw_fmt": "(FLOAT, 32 bit, C Size: 32 bits)",
            "c_mem_pool": "**default**",
            "padded": true,
            "size": 10,
            "c_type": "float",
            "name": "fco_dense_output_array",
            "c_id": 12,
            "c_bits": 32,
            "c_size_in_byte": 40
        },
        {
            "mem_pool": "activations",
            "offset": 0,
            "is_const": false,
            "format": "float32",
            "n_items": 10,
            "tensors": [{
                "shape": [
                    1,
                    10
                ],
                "name": "fco_output"
            }],
            "raw_fmt": "(FLOAT, 32 bit, C Size: 32 bits)",
            "c_mem_pool": "**default**",
            "padded": true,
            "size": 10,
            "c_type": "float",
            "name": "fco_output_array",
            "c_id": 13,
            "c_bits": 32,
            "c_size_in_byte": 40,
            "io_type": "output"
        },
        {
            "mem_pool": "weights",
            "offset": 0,
            "is_const": true,
            "format": "float32",
            "n_items": 288,
            "tensors": [{
                "shape": [
                    1,
                    3,
                    3,
                    32
                ],
                "name": "conv0_conv2d_weights"
            }],
            "zeros": 0,
            "raw_fmt": "(FLOAT, 32 bit, C Size: 32 bits)",
            "c_mem_pool": "weights",
            "padded": true,
            "size": 288,
            "c_type": "const float",
            "name": "conv0_conv2d_weights_array",
            "c_id": 14,
            "c_bits": 32,
            "c_size_in_byte": 1152
        },
        {
            "mem_pool": "weights",
            "offset": 1152,
            "is_const": true,
            "format": "float32",
            "n_items": 32,
            "tensors": [{
                "shape": [32],
                "name": "conv0_conv2d_bias"
            }],
            "zeros": 0,
            "raw_fmt": "(FLOAT, 32 bit, C Size: 32 bits)",
            "c_mem_pool": "weights",
            "padded": true,
            "size": 32,
            "c_type": "const float",
            "name": "conv0_conv2d_bias_array",
            "c_id": 15,
            "c_bits": 32,
            "c_size_in_byte": 128
        },
        {
            "mem_pool": "weights",
            "offset": 1280,
            "is_const": true,
            "format": "float32",
            "n_items": 9216,
            "tensors": [{
                "shape": [
                    32,
                    3,
                    3,
                    32
                ],
                "name": "conv1_conv2d_weights"
            }],
            "zeros": 0,
            "raw_fmt": "(FLOAT, 32 bit, C Size: 32 bits)",
            "c_mem_pool": "weights",
            "padded": true,
            "size": 9216,
            "c_type": "const float",
            "name": "conv1_conv2d_weights_array",
            "c_id": 16,
            "c_bits": 32,
            "c_size_in_byte": 36864
        },
        {
            "mem_pool": "weights",
            "offset": 38144,
            "is_const": true,
            "format": "float32",
            "n_items": 32,
            "tensors": [{
                "shape": [32],
                "name": "conv1_conv2d_bias"
            }],
            "zeros": 0,
            "raw_fmt": "(FLOAT, 32 bit, C Size: 32 bits)",
            "c_mem_pool": "weights",
            "padded": true,
            "size": 32,
            "c_type": "const float",
            "name": "conv1_conv2d_bias_array",
            "c_id": 17,
            "c_bits": 32,
            "c_size_in_byte": 128
        },
        {
            "mem_pool": "weights",
            "offset": 38272,
            "is_const": true,
            "format": "float32",
            "n_items": 18432,
            "tensors": [{
                "shape": [
                    32,
                    3,
                    3,
                    64
                ],
                "name": "conv2_conv2d_weights"
            }],
            "zeros": 0,
            "raw_fmt": "(FLOAT, 32 bit, C Size: 32 bits)",
            "c_mem_pool": "weights",
            "padded": true,
            "size": 18432,
            "c_type": "const float",
            "name": "conv2_conv2d_weights_array",
            "c_id": 18,
            "c_bits": 32,
            "c_size_in_byte": 73728
        },
        {
            "mem_pool": "weights",
            "offset": 112000,
            "is_const": true,
            "format": "float32",
            "n_items": 64,
            "tensors": [{
                "shape": [64],
                "name": "conv2_conv2d_bias"
            }],
            "zeros": 0,
            "raw_fmt": "(FLOAT, 32 bit, C Size: 32 bits)",
            "c_mem_pool": "weights",
            "padded": true,
            "size": 64,
            "c_type": "const float",
            "name": "conv2_conv2d_bias_array",
            "c_id": 19,
            "c_bits": 32,
            "c_size_in_byte": 256
        },
        {
            "mem_pool": "weights",
            "offset": 112256,
            "is_const": true,
            "format": "float32",
            "n_items": 36864,
            "tensors": [{
                "shape": [
                    64,
                    3,
                    3,
                    64
                ],
                "name": "conv3_conv2d_weights"
            }],
            "zeros": 0,
            "raw_fmt": "(FLOAT, 32 bit, C Size: 32 bits)",
            "c_mem_pool": "weights",
            "padded": true,
            "size": 36864,
            "c_type": "const float",
            "name": "conv3_conv2d_weights_array",
            "c_id": 20,
            "c_bits": 32,
            "c_size_in_byte": 147456
        },
        {
            "mem_pool": "weights",
            "offset": 259712,
            "is_const": true,
            "format": "float32",
            "n_items": 64,
            "tensors": [{
                "shape": [64],
                "name": "conv3_conv2d_bias"
            }],
            "zeros": 0,
            "raw_fmt": "(FLOAT, 32 bit, C Size: 32 bits)",
            "c_mem_pool": "weights",
            "padded": true,
            "size": 64,
            "c_type": "const float",
            "name": "conv3_conv2d_bias_array",
            "c_id": 21,
            "c_bits": 32,
            "c_size_in_byte": 256
        },
        {
            "mem_pool": "weights",
            "offset": 260032,
            "is_const": true,
            "format": "c4 (LUT4)",
            "n_items": 262144,
            "tensors": [{
                "shape": [
                    1024,
                    256
                ],
                "name": "fc1_dense_weights"
            }],
            "zeros": 71,
            "raw_fmt": "(LUT_FLOAT, 4 bit, C Size: 4 bits)",
            "c_mem_pool": "weights",
            "padded": true,
            "size": 262144,
            "c_type": "const float",
            "name": "fc1_dense_weights_array",
            "c_id": 22,
            "c_bits": 4,
            "c_size_in_byte": 131136
        },
        {
            "mem_pool": "weights",
            "offset": 391104,
            "is_const": true,
            "format": "float32",
            "n_items": 256,
            "tensors": [{
                "shape": [256],
                "name": "fc1_dense_bias"
            }],
            "zeros": 0,
            "raw_fmt": "(FLOAT, 32 bit, C Size: 32 bits)",
            "c_mem_pool": "weights",
            "padded": true,
            "size": 256,
            "c_type": "const float",
            "name": "fc1_dense_bias_array",
            "c_id": 23,
            "c_bits": 32,
            "c_size_in_byte": 1024
        },
        {
            "mem_pool": "weights",
            "offset": 392128,
            "is_const": true,
            "format": "float32",
            "n_items": 2560,
            "tensors": [{
                "shape": [
                    256,
                    10
                ],
                "name": "fco_dense_weights"
            }],
            "zeros": 0,
            "raw_fmt": "(FLOAT, 32 bit, C Size: 32 bits)",
            "c_mem_pool": "weights",
            "padded": true,
            "size": 2560,
            "c_type": "const float",
            "name": "fco_dense_weights_array",
            "c_id": 24,
            "c_bits": 32,
            "c_size_in_byte": 10240
        },
        {
            "mem_pool": "weights",
            "offset": 402368,
            "is_const": true,
            "format": "float32",
            "n_items": 10,
            "tensors": [{
                "shape": [10],
                "name": "fco_dense_bias"
            }],
            "zeros": 0,
            "raw_fmt": "(FLOAT, 32 bit, C Size: 32 bits)",
            "c_mem_pool": "weights",
            "padded": true,
            "size": 10,
            "c_type": "const float",
            "name": "fco_dense_bias_array",
            "c_id": 25,
            "c_bits": 32,
            "c_size_in_byte": 40
        },
        {
            "mem_pool": "activations",
            "offset": 0,
            "is_const": false,
            "format": "float32",
            "n_items": 784,
            "tensors": [{
                "shape": [
                    1,
                    28,
                    28,
                    1
                ],
                "name": "input_1_output"
            }],
            "raw_fmt": "(FLOAT, 32 bit, C Size: 32 bits)",
            "c_mem_pool": "**default**",
            "padded": true,
            "size": 784,
            "c_type": "float",
            "name": "input_1_output_array",
            "c_id": 26,
            "c_bits": 32,
            "c_size_in_byte": 3136,
            "io_type": "input"
        }
    ],
    "c_activations_count": 1,
    "date_time": "Wed Jan 24 18:03:10 2024",
    "model_name": "mnist_keras_cnn",
    "tool_version": {
        "major": 1,
        "minor": 7,
        "micro": 0
    },
    "c_intq_n": 0,
    "stm_ai_version": {
        "major": 8,
        "minor": 1,
        "micro": 0,
        "extra": "19520"
    },
    "model_fmt": "float",
    "c_weights_count": 1,
    "weights": {"weights_array": {
        "buffer_data_size": 402408,
        "buffer_crc": 0,
        "pool_size": 402408,
        "buffer_c_type": "u64",
        "buffer_c_name": "s_network_weights_array_u64",
        "buffer_offsets": [
            {
                "lite_tag": null,
                "offset": 0,
                "size": 1152,
                "start_offset": 0,
                "buffer_name": "conv0_conv2d_weights_array"
            },
            {
                "lite_tag": null,
                "offset": 1152,
                "size": 128,
                "start_offset": 1152,
                "buffer_name": "conv0_conv2d_bias_array"
            },
            {
                "lite_tag": null,
                "offset": 1280,
                "size": 36864,
                "start_offset": 1280,
                "buffer_name": "conv1_conv2d_weights_array"
            },
            {
                "lite_tag": null,
                "offset": 38144,
                "size": 128,
                "start_offset": 38144,
                "buffer_name": "conv1_conv2d_bias_array"
            },
            {
                "lite_tag": null,
                "offset": 38272,
                "size": 73728,
                "start_offset": 38272,
                "buffer_name": "conv2_conv2d_weights_array"
            },
            {
                "lite_tag": null,
                "offset": 112000,
                "size": 256,
                "start_offset": 112000,
                "buffer_name": "conv2_conv2d_bias_array"
            },
            {
                "lite_tag": null,
                "offset": 112256,
                "size": 147456,
                "start_offset": 112256,
                "buffer_name": "conv3_conv2d_weights_array"
            },
            {
                "lite_tag": null,
                "offset": 259712,
                "size": 256,
                "start_offset": 259712,
                "buffer_name": "conv3_conv2d_bias_array"
            },
            {
                "lite_tag": null,
                "offset": 260032,
                "size": 131136,
                "start_offset": 259968,
                "buffer_name": "fc1_dense_weights_array"
            },
            {
                "lite_tag": null,
                "offset": 391104,
                "size": 1024,
                "start_offset": 391104,
                "buffer_name": "fc1_dense_bias_array"
            },
            {
                "lite_tag": null,
                "offset": 392128,
                "size": 10240,
                "start_offset": 392128,
                "buffer_name": "fco_dense_weights_array"
            },
            {
                "lite_tag": null,
                "offset": 402368,
                "size": 40,
                "start_offset": 402368,
                "buffer_name": "fco_dense_bias_array"
            }
        ],
        "buffer_c_name_addr": "s_network_weights_array_u64",
        "buffer_c_count": 50301,
        "pool_id": 0,
        "buffer_c_data": []
    }},
    "memory_footprint": {
        "kernel_ram": 4196,
        "kernel_flash": 15758,
        "io": [
            0,
            0
        ],
        "series": "generic",
        "activations": 89664,
        "weights": 402408
    },
    "version": "1.2",
    "tool_api_version": {
        "major": 1,
        "minor": 5,
        "micro": 0
    },
    "model_signature": "7f0e4dd111fa0703da427000340d94d3",
    "params_alignment": 4,
    "activations": {"heap_overlay_pool": {
        "buffer_data_size": 0,
        "pool_size": 89664,
        "buffer_c_name": "NULL",
        "buffer_offsets": [
            {
                "lite_tag": null,
                "offset": 0,
                "size": 3136,
                "start_offset": 0,
                "buffer_name": "input_1_output_array"
            },
            {
                "lite_tag": null,
                "offset": 3136,
                "size": 86528,
                "start_offset": 3136,
                "buffer_name": "conv0_conv2d_output_array"
            },
            {
                "lite_tag": null,
                "offset": 3136,
                "size": 86528,
                "start_offset": 3136,
                "buffer_name": "activation_1_output_array"
            },
            {
                "lite_tag": null,
                "offset": 64,
                "size": 73728,
                "start_offset": 64,
                "buffer_name": "conv1_conv2d_output_array"
            },
            {
                "lite_tag": null,
                "offset": 64,
                "size": 73728,
                "start_offset": 64,
                "buffer_name": "activation_2_output_array"
            },
            {
                "lite_tag": null,
                "offset": 64,
                "size": 18432,
                "start_offset": 64,
                "buffer_name": "MP1_output_array"
            },
            {
                "lite_tag": null,
                "offset": 18496,
                "size": 25600,
                "start_offset": 18496,
                "buffer_name": "conv2_conv2d_output_array"
            },
            {
                "lite_tag": null,
                "offset": 44096,
                "size": 25600,
                "start_offset": 44096,
                "buffer_name": "activation_3_output_array"
            },
            {
                "lite_tag": null,
                "offset": 0,
                "size": 16384,
                "start_offset": 0,
                "buffer_name": "conv3_conv2d_output_array"
            },
            {
                "lite_tag": null,
                "offset": 16384,
                "size": 16384,
                "start_offset": 16384,
                "buffer_name": "activation_4_output_array"
            },
            {
                "lite_tag": null,
                "offset": 0,
                "size": 4096,
                "start_offset": 0,
                "buffer_name": "MP2_output_array"
            },
            {
                "lite_tag": null,
                "offset": 4096,
                "size": 1024,
                "start_offset": 4096,
                "buffer_name": "fc1_dense_output_array"
            },
            {
                "lite_tag": null,
                "offset": 0,
                "size": 1024,
                "start_offset": 0,
                "buffer_name": "fc1_output_array"
            },
            {
                "lite_tag": null,
                "offset": 1024,
                "size": 40,
                "start_offset": 1024,
                "buffer_name": "fco_dense_output_array"
            },
            {
                "lite_tag": null,
                "offset": 0,
                "size": 40,
                "start_offset": 0,
                "buffer_name": "fco_output_array"
            }
        ],
        "buffer_c_name_addr": "NULL",
        "pool_id": 0
    }},
    "c_arrays_n": 27,
    "c_name": "network",
    "memory_pools": []
}